Channel,Rank,Bank,Row,Col,Count,Cycle,CMD
0,0,0,32703,79,1,3255:,WR
0,0,0,32709,29,1,1413:,RD
0,0,0,32709,30,1,928:,RD
0,0,0,32709,30,2,937:,RD
0,0,0,32709,30,3,941:,RD
0,0,0,32709,30,4,945:,RD
0,0,0,32709,30,5,949:,RD
0,0,0,32709,37,1,2565:,RD
0,0,0,32709,38,1,1864:,RD
0,0,0,32709,44,1,954:,RD
0,0,2,32701,68,1,4409:,WR
0,0,4,32709,91,1,1843:,RD
0,0,4,32709,91,2,1851:,RD
0,0,4,32709,91,3,1855:,RD
0,0,4,32709,91,4,249:,RD
0,0,4,32709,91,5,502:,RD
0,0,4,32709,91,6,641:,RD
0,0,4,32709,91,7,684:,RD
0,0,4,32709,91,8,920:,RD
0,0,4,32709,92,1,1079:,RD
0,0,4,32709,92,2,1444:,RD
0,0,4,32709,92,3,1448:,RD
0,0,4,32709,92,4,1839:,RD
0,0,4,32709,92,5,1847:,RD
0,0,4,32709,92,6,3218:,RD
0,0,4,32709,92,7,3339:,RD
0,0,4,32709,92,8,506:,RD
0,0,4,32709,92,9,653:,RD
0,0,4,32709,92,10,665:,RD
0,0,4,32709,93,1,2569:,RD
0,0,4,32709,93,2,2983:,RD
0,0,4,32709,93,3,657:,RD
0,0,4,32709,93,4,661:,RD
0,0,4,32709,93,5,932:,RD
0,0,4,32709,94,1,1083:,RD
0,0,4,32709,94,2,1859:,RD
0,0,4,32709,94,3,2448:,WR
0,0,4,32709,94,4,2497:,WR
0,0,4,32709,94,5,2561:,RD
0,0,4,32709,94,6,649:,RD
0,0,4,32709,97,1,2516:,RD
0,0,4,32709,97,2,2520:,RD
0,0,4,32709,97,3,2987:,RD
0,0,4,32709,97,4,645:,RD
0,0,4,32709,97,5,924:,RD
0,0,4,32709,98,1,245:,RD
0,0,4,32709,98,2,670:,RD
0,0,4,32709,98,3,675:,RD
0,0,4,32709,98,4,680:,RD
0,0,4,32710,14,1,2101:,RD
0,0,4,32710,14,2,2105:,RD
0,0,4,32710,14,3,2308:,RD
0,0,4,32710,14,4,2911:,RD
0,0,4,32710,15,1,2093:,RD
0,0,4,32710,15,2,2097:,RD
0,0,4,32710,18,1,1996:,RD
0,0,4,32710,18,2,2143:,RD
0,0,4,32710,19,1,2138:,RD
0,0,4,32710,19,2,2264:,RD
0,0,4,32710,19,3,2280:,RD
0,0,4,32710,20,1,343:,RD
0,0,4,32710,20,2,347:,RD
0,0,4,32710,20,3,82:,RD
0,0,4,32710,21,1,1972:,RD
0,0,4,32710,21,2,1980:,RD
0,0,4,32710,21,3,2020:,RD
0,0,4,32710,21,4,2077:,RD
0,0,4,32710,21,5,2081:,RD
0,0,4,32710,21,6,2121:,RD
0,0,4,32710,21,7,2129:,RD
0,0,4,32710,21,8,2276:,RD
0,0,4,32710,21,9,2288:,RD
0,0,4,32710,21,10,2296:,RD
0,0,4,32710,21,11,2879:,RD
0,0,4,32710,21,12,2903:,RD
0,0,4,32710,21,13,2907:,RD
0,0,4,32710,22,1,1118:,RD
0,0,4,32710,22,2,1488:,RD
0,0,4,32710,22,3,1976:,RD
0,0,4,32710,22,4,2004:,RD
0,0,4,32710,22,5,2024:,RD
0,0,4,32710,22,6,2113:,RD
0,0,4,32710,22,7,2268:,RD
0,0,4,32710,22,8,2272:,RD
0,0,4,32710,22,9,2284:,RD
0,0,4,32710,22,10,2875:,RD
0,0,4,32710,22,11,2899:,RD
0,0,4,32710,22,12,2915:,RD
0,0,4,32710,22,13,3023:,RD
0,0,4,32710,22,14,3027:,RD
0,0,4,32710,22,15,335:,RD
0,0,4,32710,22,16,339:,RD
0,0,4,32710,22,17,380:,RD
0,0,4,32710,22,18,765:,RD
0,0,4,32710,23,1,1298:,RD
0,0,4,32710,23,2,1409:,RD
0,0,4,32710,23,3,1968:,RD
0,0,4,32710,23,4,2000:,RD
0,0,4,32710,23,5,2008:,RD
0,0,4,32710,23,6,2012:,RD
0,0,4,32710,23,7,2016:,RD
0,0,4,32710,23,8,2085:,RD
0,0,4,32710,23,9,2109:,RD
0,0,4,32710,23,10,2117:,RD
0,0,4,32710,23,11,2292:,RD
0,0,4,32710,23,12,2312:,RD
0,0,4,32710,23,13,2317:,RD
0,0,4,32710,23,14,2407:,RD
0,0,4,32710,23,15,2895:,RD
0,0,4,32710,24,1,2300:,RD
0,0,4,32710,25,1,1984:,RD
0,0,4,32710,25,2,1988:,RD
0,0,4,32710,26,1,1992:,RD
0,0,4,32710,26,2,2028:,RD
0,0,4,32710,26,3,2032:,RD
0,0,4,32710,26,4,2089:,RD
0,0,4,32710,26,5,2134:,RD
0,0,4,32710,26,6,2304:,RD
0,0,4,32710,27,1,2125:,RD
0,0,4,32710,36,1,2891:,RD
0,0,4,32710,36,2,298:,RD
0,0,4,32710,36,3,761:,RD
0,0,4,32710,36,4,818:,RD
0,0,4,32710,50,1,1405:,RD
0,0,4,32710,50,2,2883:,RD
0,0,4,32710,50,3,2887:,RD
0,0,4,32710,50,4,331:,RD
0,0,4,32710,50,5,351:,RD
0,0,4,32710,50,6,4370:,RD
0,0,4,32710,50,7,4374:,RD
0,0,4,32710,50,8,44:,RD
0,0,4,32710,50,9,4428:,RD
0,0,4,32710,50,10,48:,RD
0,0,4,32710,50,11,757:,RD
0,0,4,32710,50,12,769:,RD
0,0,4,32710,50,13,773:,RD
0,0,4,32710,50,14,777:,RD
0,0,4,32710,50,15,78:,RD
0,0,4,32710,59,1,281:,RD
0,0,4,32710,59,2,285:,RD
0,0,4,32710,59,3,289:,RD
0,0,4,32710,59,4,293:,RD
0,0,4,32710,59,5,303:,RD
0,0,5,32710,16,1,261:,RD
0,0,5,32710,16,2,265:,RD
0,0,5,32710,16,3,269:,RD
0,0,5,32710,16,4,273:,RD
0,0,5,32710,16,5,277:,RD
0,0,5,32710,16,6,307:,RD
0,0,5,32710,16,7,311:,RD
0,0,5,32710,16,8,315:,RD
0,0,5,32710,16,9,319:,RD
0,0,5,32710,16,10,323:,RD
0,0,5,32710,16,11,327:,RD
0,0,5,32710,16,12,355:,RD
0,0,5,32710,16,13,359:,RD
0,0,5,32710,16,14,363:,RD
0,0,5,32710,16,15,367:,RD
0,0,5,32710,16,16,371:,RD
0,0,5,32710,16,17,376:,RD
0,0,5,32710,16,18,52:,RD
0,0,5,32710,16,19,57:,RD
0,0,5,32710,16,20,61:,RD
0,0,5,32710,16,21,66:,RD
0,0,5,32710,16,22,70:,RD
0,0,5,32710,16,23,74:,RD
0,1,0,0,0,1,1025:,RD
0,1,0,0,0,2,1039:,RD
0,1,0,0,0,3,1067:,RD
0,1,0,0,0,4,1152:,RD
0,1,0,0,0,5,1160:,RD
0,1,0,0,0,6,1212:,RD
0,1,0,0,0,7,1260:,RD
0,1,0,0,0,8,1501:,RD
0,1,0,0,0,9,160:,RD
0,1,0,0,0,10,1789:,RD
0,1,0,0,0,11,1914:,RD
0,1,0,0,0,12,2162:,RD
0,1,0,0,0,13,2254:,RD
0,1,0,0,0,14,2258:,RD
0,1,0,0,0,15,2628:,RD
0,1,0,0,0,16,2632:,RD
0,1,0,0,0,17,2668:,RD
0,1,0,0,0,18,2776:,RD
0,1,0,0,0,19,3101:,RD
0,1,0,0,0,20,3105:,RD
0,1,0,0,0,21,406:,RD
0,1,0,0,0,22,4360:,RD
0,1,0,0,0,23,446:,RD
0,1,0,0,0,24,464:,RD
0,1,0,0,0,25,747:,RD
0,1,0,0,0,26,792:,RD
0,1,0,0,0,27,88:,RD
0,1,0,0,0,28,972:,RD
0,1,0,0,1,1,1009:,RD
0,1,0,0,1,2,1021:,RD
0,1,0,0,1,3,1031:,RD
0,1,0,0,1,4,1035:,RD
0,1,0,0,1,5,1156:,RD
0,1,0,0,1,6,1164:,RD
0,1,0,0,1,7,118:,RD
0,1,0,0,1,8,1208:,RD
0,1,0,0,1,9,1224:,RD
0,1,0,0,1,10,1228:,RD
0,1,0,0,1,11,1496:,RD
0,1,0,0,1,12,156:,RD
0,1,0,0,1,13,1793:,RD
0,1,0,0,1,14,1797:,RD
0,1,0,0,1,15,1833:,RD
0,1,0,0,1,16,1918:,RD
0,1,0,0,1,17,1922:,RD
0,1,0,0,1,18,198:,RD
0,1,0,0,1,19,202:,RD
0,1,0,0,1,20,2166:,RD
0,1,0,0,1,21,2660:,RD
0,1,0,0,1,22,2664:,RD
0,1,0,0,1,23,2780:,RD
0,1,0,0,1,24,3097:,RD
0,1,0,0,1,25,34:,RD
0,1,0,0,1,26,410:,RD
0,1,0,0,1,27,414:,RD
0,1,0,0,1,28,4364:,RD
0,1,0,0,1,29,442:,RD
0,1,0,0,1,30,450:,RD
0,1,0,0,1,31,460:,RD
0,1,0,0,1,32,492:,RD
0,1,0,0,1,33,496:,RD
0,1,0,0,1,34,739:,RD
0,1,0,0,1,35,743:,RD
0,1,0,0,1,36,783:,RD
0,1,0,0,1,37,787:,RD
0,1,0,0,1,38,800:,RD
0,1,0,0,2,1,1148:,RD
0,1,0,0,2,2,1748:,RD
0,1,0,0,2,3,1878:,RD
0,1,0,0,2,4,2157:,RD
0,1,0,0,2,5,2623:,RD
0,1,0,0,2,6,2768:,RD
0,1,0,0,2,7,402:,RD
0,1,0,0,2,8,4356:,RD
0,1,0,0,15,1,1268:,RD
0,1,0,0,15,2,1272:,RD
0,1,0,0,15,3,1276:,RD
0,1,0,0,15,4,1423:,RD
0,1,0,0,15,5,1458:,RD
0,1,0,0,15,6,1829:,RD
0,1,0,0,15,7,394:,RD
0,1,0,0,15,8,398:,RD
0,1,0,0,15,9,731:,RD
0,1,0,0,15,10,796:,RD
0,1,0,0,16,1,1706:,RD
0,1,0,32709,119,1,239:,RD
0,1,0,32709,120,1,1106:,RD
0,1,0,32709,120,2,235:,RD
0,1,0,32709,120,3,3009:,RD
0,1,0,32709,120,4,4396:,RD
0,1,0,32709,120,5,4476:,RD
0,1,0,32709,120,6,698:,RD
0,1,0,32709,121,1,4516:,RD
0,1,0,32709,123,1,4520:,RD
0,1,0,32709,124,1,4524:,RD
0,1,2,32705,107,1,3227:,WR
0,1,2,32705,107,2,3278:,WR
0,1,2,32705,107,3,3286:,WR
0,1,2,32705,107,4,3290:,WR
0,1,2,32705,107,5,3294:,WR
0,1,2,32705,107,6,3298:,WR
0,1,2,32705,107,7,3302:,WR
0,1,2,32705,107,8,3306:,WR
0,1,2,32705,107,9,3310:,WR
0,1,2,32705,107,10,3314:,WR
0,1,2,32705,107,11,3318:,WR
0,1,2,32705,107,12,3322:,WR
0,1,2,32705,107,13,3326:,WR
0,1,2,32705,107,14,3442:,WR
0,1,2,32705,107,15,3446:,WR
0,1,2,32705,107,16,3450:,WR
0,1,2,32705,107,17,3454:,WR
0,1,2,32705,107,18,3458:,WR
0,1,2,32705,107,19,3462:,WR
0,1,2,32705,107,20,3466:,WR
0,1,2,32705,107,21,3470:,WR
0,1,2,32705,107,22,3474:,WR
0,1,2,32705,107,23,3478:,WR
0,1,2,32705,107,24,3482:,WR
0,1,2,32705,107,25,3486:,WR
0,1,2,32705,107,26,3490:,WR
0,1,2,32705,107,27,3494:,WR
0,1,2,32705,107,28,3498:,WR
0,1,2,32705,107,29,3502:,WR
0,1,2,32705,107,30,3506:,WR
0,1,2,32705,107,31,3510:,WR
0,1,2,32705,107,32,3514:,WR
0,1,2,32705,107,33,3518:,WR
0,1,2,32705,107,34,3522:,WR
0,1,2,32705,107,35,3526:,WR
0,1,2,32705,107,36,3661:,WR
0,1,2,32705,107,37,3665:,WR
0,1,2,32705,107,38,3669:,WR
0,1,2,32705,107,39,3673:,WR
0,1,2,32705,107,40,3677:,WR
0,1,2,32705,107,41,3681:,WR
0,1,2,32705,107,42,3685:,WR
0,1,2,32705,107,43,3689:,WR
0,1,2,32705,107,44,3693:,WR
0,1,2,32705,107,45,3697:,WR
0,1,2,32705,107,46,3701:,WR
0,1,2,32705,107,47,3705:,WR
0,1,2,32705,107,48,3709:,WR
0,1,2,32705,107,49,3713:,WR
0,1,2,32705,107,50,3717:,WR
0,1,2,32705,107,51,3721:,WR
0,1,2,32705,107,52,3725:,WR
0,1,2,32705,107,53,3729:,WR
0,1,2,32705,107,54,3733:,WR
0,1,2,32705,107,55,3737:,WR
0,1,2,32705,107,56,3741:,WR
0,1,2,32705,107,57,3852:,WR
0,1,2,32705,107,58,3856:,WR
0,1,2,32705,107,59,3860:,WR
0,1,2,32705,107,60,3864:,WR
0,1,2,32705,107,61,3868:,WR
0,1,2,32705,107,62,3872:,WR
0,1,2,32705,107,63,3876:,WR
0,1,2,32705,107,64,3880:,WR
0,1,2,32705,108,1,3274:,WR
0,1,2,32705,108,2,3282:,WR
0,1,2,32705,108,3,3884:,WR
0,1,2,32705,108,4,3888:,WR
0,1,2,32705,108,5,3892:,WR
0,1,2,32705,108,6,3896:,WR
0,1,2,32705,108,7,3900:,WR
0,1,2,32705,108,8,3904:,WR
0,1,2,32705,108,9,3908:,WR
0,1,2,32705,108,10,3912:,WR
0,1,2,32705,108,11,3916:,WR
0,1,2,32705,108,12,3920:,WR
0,1,2,32705,108,13,3924:,WR
0,1,2,32705,108,14,3928:,WR
0,1,2,32705,108,15,3932:,WR
0,1,2,32705,108,16,4043:,WR
0,1,2,32705,108,17,4047:,WR
0,1,2,32705,108,18,4051:,WR
0,1,2,32705,108,19,4055:,WR
0,1,2,32705,108,20,4059:,WR
0,1,2,32705,108,21,4063:,WR
0,1,2,32705,108,22,4067:,WR
0,1,2,32705,108,23,4071:,WR
0,1,2,32705,108,24,4075:,WR
0,1,2,32705,108,25,4079:,WR
0,1,2,32705,108,26,4083:,WR
0,1,2,32705,108,27,4087:,WR
0,1,2,32705,108,28,4091:,WR
0,1,2,32705,108,29,4095:,WR
0,1,2,32705,108,30,4099:,WR
0,1,2,32705,108,31,4103:,WR
0,1,2,32705,108,32,4107:,WR
0,1,2,32705,108,33,4111:,WR
0,1,2,32705,108,34,4115:,WR
0,1,2,32705,108,35,4119:,WR
0,1,2,32705,108,36,4123:,WR
0,1,2,32705,108,37,4234:,WR
0,1,2,32705,108,38,4238:,WR
0,1,2,32705,108,39,4242:,WR
0,1,2,32705,108,40,4246:,WR
0,1,2,32705,108,41,4250:,WR
0,1,2,32705,108,42,4254:,WR
0,1,2,32705,108,43,4258:,WR
0,1,2,32705,108,44,4262:,WR
0,1,2,32705,108,45,4266:,WR
0,1,2,32705,108,46,4270:,WR
0,1,2,32705,108,47,4274:,WR
0,1,2,32705,108,48,4278:,WR
0,1,2,32705,108,49,4282:,WR
0,1,2,32705,108,50,4286:,WR
0,1,2,32705,108,51,4290:,WR
0,1,2,32705,108,52,4294:,WR
0,1,2,32705,108,53,4298:,WR
0,1,2,32705,108,54,4302:,WR
0,1,2,32705,108,55,4306:,WR
0,1,2,32705,108,56,4310:,WR
0,1,2,32705,108,57,4314:,WR
0,1,2,32705,108,58,4405:,WR
0,1,2,32705,108,59,4413:,WR
0,1,2,32705,108,60,4417:,WR
0,1,2,32705,108,61,4421:,WR
0,1,2,32705,108,62,4425:,WR
0,1,2,32705,108,63,4437:,WR
0,1,2,32705,108,64,4441:,WR
0,1,3,32751,118,1,102:,RD
0,1,3,32751,118,2,93:,RD
0,1,4,0,17,1,114:,RD
0,1,4,0,17,2,143:,RD
0,1,4,0,17,3,148:,RD
0,1,4,0,17,4,152:,RD
0,1,4,0,18,1,106:,RD
0,1,4,0,18,2,1097:,RD
0,1,4,0,18,3,1714:,RD
0,1,4,0,18,4,1874:,RD
0,1,4,0,18,5,1882:,RD
0,1,4,0,18,6,2071:,RD
0,1,4,0,18,7,210:,RD
0,1,4,0,18,8,2153:,RD
0,1,4,0,18,9,2505:,WR
0,1,4,0,18,10,2619:,RD
0,1,4,0,18,11,2852:,RD
0,1,4,0,18,12,30:,RD
0,1,4,0,18,13,455:,RD
0,1,4,0,18,14,702:,RD
0,1,4,0,18,15,751:,RD
0,1,4,0,37,1,1311:,WR
0,1,4,0,37,2,1360:,WR
0,1,4,0,37,3,1364:,WR
0,1,4,0,37,4,1368:,WR
0,1,4,0,37,5,1372:,WR
0,1,4,0,37,6,1376:,WR
0,1,4,0,37,7,1380:,WR
0,1,4,0,37,8,1384:,WR
0,1,4,0,37,9,1388:,WR
0,1,4,0,37,10,1392:,WR
0,1,4,0,37,11,2400:,WR
0,1,4,0,37,12,2404:,WR
0,1,4,0,37,13,2420:,WR
0,1,4,0,37,14,2424:,WR
0,1,4,0,37,15,2428:,WR
0,1,4,0,37,16,2432:,WR
0,1,4,0,37,17,2436:,WR
0,1,4,0,37,18,2440:,WR
0,1,4,0,37,19,2444:,WR
0,1,4,0,37,20,2453:,WR
0,1,4,0,37,21,2457:,WR
0,1,4,0,37,22,2461:,WR
0,1,4,0,37,23,2469:,WR
0,1,4,0,37,24,2473:,WR
0,1,4,0,37,25,2477:,WR
0,1,4,0,37,26,2481:,WR
0,1,4,0,37,27,2485:,WR
0,1,4,0,37,28,2501:,WR
0,1,4,0,37,29,2509:,WR
0,1,4,0,37,30,2513:,WR
0,1,4,0,37,31,3142:,RD
0,1,4,0,37,32,3151:,RD
0,1,4,0,37,33,3155:,RD
0,1,4,0,37,34,3159:,RD
0,1,4,0,37,35,3188:,RD
0,1,4,0,37,36,3192:,RD
0,1,4,0,37,37,3196:,RD
0,1,4,0,37,38,3200:,RD
0,1,4,0,37,39,3231:,WR
0,1,4,0,37,40,3235:,WR
0,1,4,0,37,41,3239:,WR
0,1,4,0,37,42,3243:,WR
0,1,4,0,37,43,3247:,WR
0,1,4,0,37,44,3349:,RD
0,1,4,0,37,45,3385:,RD
0,1,4,0,37,46,3389:,RD
0,1,4,0,37,47,3393:,RD
0,1,4,0,37,48,3397:,RD
0,1,4,0,37,49,3401:,RD
0,1,4,0,37,50,3405:,RD
0,1,4,0,37,51,3433:,RD
0,1,4,0,37,52,3548:,RD
0,1,4,0,37,53,3584:,RD
0,1,4,0,37,54,3588:,RD
0,1,4,0,37,55,3592:,RD
0,1,4,0,37,56,3596:,RD
0,1,4,0,37,57,3600:,RD
0,1,4,0,37,58,418:,RD
0,1,4,0,37,59,529:,WR
0,1,4,0,37,60,533:,WR
0,1,4,0,38,1,3628:,RD
0,1,4,0,38,2,3632:,RD
0,1,4,0,38,3,3636:,RD
0,1,4,0,38,4,3640:,RD
0,1,4,0,38,5,3644:,RD
0,1,4,0,38,6,3648:,RD
0,1,4,0,38,7,3759:,RD
0,1,4,0,38,8,3763:,RD
0,1,4,0,38,9,3767:,RD
0,1,4,0,38,10,3771:,RD
0,1,4,0,38,11,3775:,RD
0,1,4,0,38,12,3779:,RD
0,1,4,0,38,13,3783:,RD
0,1,4,0,38,14,3787:,RD
0,1,4,0,38,15,3791:,RD
0,1,4,0,38,16,3795:,RD
0,1,4,0,38,17,3799:,RD
0,1,4,0,38,18,3803:,RD
0,1,4,0,38,19,3807:,RD
0,1,4,0,38,20,3811:,RD
0,1,4,0,38,21,3815:,RD
0,1,4,0,38,22,3819:,RD
0,1,4,0,38,23,3823:,RD
0,1,4,0,38,24,3827:,RD
0,1,4,0,38,25,3831:,RD
0,1,4,0,38,26,3835:,RD
0,1,4,0,38,27,3839:,RD
0,1,4,0,38,28,3950:,RD
0,1,4,0,38,29,3954:,RD
0,1,4,0,38,30,3958:,RD
0,1,4,0,38,31,3962:,RD
0,1,4,0,38,32,3966:,RD
0,1,4,0,38,33,3970:,RD
0,1,4,0,38,34,3974:,RD
0,1,4,0,38,35,3978:,RD
0,1,4,0,38,36,3982:,RD
0,1,4,0,38,37,3986:,RD
0,1,4,0,38,38,3990:,RD
0,1,4,0,38,39,3994:,RD
0,1,4,0,38,40,3998:,RD
0,1,4,0,38,41,4002:,RD
0,1,4,0,38,42,4006:,RD
0,1,4,0,38,43,4010:,RD
0,1,4,0,38,44,4014:,RD
0,1,4,0,38,45,4018:,RD
0,1,4,0,38,46,4022:,RD
0,1,4,0,38,47,4026:,RD
0,1,4,0,38,48,4030:,RD
0,1,4,0,38,49,4141:,RD
0,1,4,0,38,50,4145:,RD
0,1,4,0,38,51,4149:,RD
0,1,4,0,38,52,4153:,RD
0,1,4,0,38,53,4157:,RD
0,1,4,0,38,54,4161:,RD
0,1,4,0,38,55,4165:,RD
0,1,4,0,38,56,4169:,RD
0,1,4,0,38,57,4173:,RD
0,1,4,0,38,58,4177:,RD
0,1,4,0,38,59,4181:,RD
0,1,4,0,38,60,4185:,RD
0,1,4,0,38,61,4189:,RD
0,1,4,0,38,62,4193:,RD
0,1,4,0,38,63,4197:,RD
0,1,4,0,38,64,4201:,RD
0,1,4,0,39,1,3146:,RD
0,1,4,0,39,2,3251:,WR
0,1,4,0,39,3,4205:,RD
0,1,4,0,39,4,4209:,RD
0,1,4,0,39,5,4213:,RD
0,1,4,0,39,6,4217:,RD
0,1,4,0,39,7,4221:,RD
0,1,4,0,39,8,4332:,RD
0,1,4,0,39,9,4336:,RD
0,1,4,0,39,10,4340:,RD
0,1,4,0,39,11,4344:,RD
0,1,4,0,39,12,4348:,RD
0,1,4,0,39,13,4352:,RD
0,1,4,0,39,14,4380:,RD
0,1,4,0,39,15,4388:,RD
0,1,4,0,39,16,4464:,RD
0,1,4,0,39,17,4468:,RD
0,1,4,0,39,18,4472:,RD
0,1,4,0,39,19,4480:,RD
0,1,4,0,39,20,4484:,RD
0,1,4,0,39,21,4488:,RD
0,1,4,0,39,22,4492:,RD
0,1,4,0,39,23,4496:,RD
0,1,4,0,39,24,4500:,RD
0,1,4,0,39,25,4504:,RD
0,1,4,0,39,26,4508:,RD
0,1,4,0,39,27,4512:,RD
0,1,4,0,39,28,4540:,RD
0,1,4,0,39,29,4544:,RD
0,1,4,0,39,30,4548:,RD
0,1,4,0,39,31,4552:,RD
0,1,4,0,39,32,4556:,RD
0,1,4,0,39,33,4560:,RD
0,1,4,0,39,34,4564:,RD
0,1,4,0,39,35,4568:,RD
0,1,4,0,39,36,4572:,RD
0,1,4,0,39,37,4576:,RD
0,1,4,0,39,38,4580:,RD
0,1,4,0,39,39,4584:,RD
0,1,4,0,39,40,4588:,RD
0,1,4,0,39,41,4592:,RD
0,1,4,0,39,42,4596:,RD
0,1,5,32708,24,1,1172:,RD
0,1,5,32708,24,2,1284:,RD
0,1,5,32708,24,3,1470:,RD
0,1,5,32708,24,4,1689:,RD
0,1,5,32708,24,5,180:,RD
0,1,5,32708,24,6,2784:,RD
0,1,5,32708,24,7,2832:,RD
0,1,5,32708,24,8,3037:,RD
0,1,5,32708,24,9,3421:,RD
0,1,5,32708,24,10,804:,RD
0,1,5,32708,25,1,1176:,RD
0,1,5,32708,25,2,1288:,RD
0,1,5,32708,25,3,1474:,RD
0,1,5,32708,25,4,1694:,RD
0,1,5,32708,25,5,185:,RD
0,1,5,32708,25,6,2047:,RD
0,1,5,32708,25,7,2788:,RD
0,1,5,32708,25,8,2836:,RD
0,1,5,32708,25,9,3041:,RD
0,1,5,32708,25,10,812:,RD
0,1,5,32708,26,1,1478:,RD
0,1,5,32708,26,2,1698:,RD
0,1,5,32708,26,3,189:,RD
0,1,5,32708,26,4,2051:,RD
0,1,5,32708,26,5,960:,RD
0,1,5,32708,27,1,1184:,RD
0,1,5,32708,27,2,1292:,RD
0,1,5,32708,27,3,2792:,RD
0,1,5,32708,27,4,2840:,RD
0,1,5,32708,27,5,3045:,RD
0,1,5,32708,32,1,194:,RD
0,1,5,32708,33,1,1773:,RD
0,1,5,32708,33,2,1777:,RD
0,1,5,32708,33,3,2059:,RD
0,1,5,32708,33,4,2063:,RD
0,1,5,32708,34,1,1677:,RD
0,1,5,32708,34,2,968:,RD
0,1,5,32708,35,1,1188:,RD
0,1,5,32708,36,1,3409:,RD
0,1,5,32708,37,1,2844:,RD
0,1,5,32708,39,1,2796:,RD
0,1,5,32708,40,1,1419:,RD
0,1,5,32708,41,1,2067:,RD
0,1,5,32708,42,1,1192:,RD
0,1,5,32708,42,2,1196:,RD
0,1,5,32708,42,3,1454:,RD
0,1,5,32708,42,4,1462:,RD
0,1,5,32708,42,5,2848:,RD
0,1,5,32708,42,6,3604:,RD
0,1,5,32708,42,7,997:,RD
0,1,5,32708,43,1,1781:,RD
0,1,5,32708,43,2,2800:,RD
0,1,5,32708,45,1,1681:,RD
0,1,5,32708,46,1,1005:,RD
0,1,5,32708,46,2,1013:,RD
0,1,5,32708,46,3,1204:,RD
0,1,5,32708,46,4,222:,RD
0,1,5,32708,46,5,227:,RD
0,1,5,32708,46,6,231:,RD
0,1,5,32708,46,7,3413:,RD
0,1,5,32708,46,8,386:,RD
0,1,5,32708,47,1,1001:,RD
0,1,5,32708,47,2,1200:,RD
0,1,5,32708,47,3,1466:,RD
0,1,5,32708,47,4,1685:,RD
0,1,5,32708,47,5,1785:,RD
0,1,5,32708,47,6,2149:,RD
0,1,5,32708,47,7,2828:,RD
0,1,5,32708,47,8,3033:,RD
0,1,5,32708,47,9,3417:,RD
0,1,5,32709,24,1,139:,RD
0,1,5,32709,26,1,1043:,RD
0,1,5,32709,26,2,1136:,RD
0,1,5,32709,26,3,1140:,RD
0,1,5,32709,26,4,1506:,RD
0,1,5,32709,26,5,1526:,RD
0,1,5,32709,26,6,1580:,RD
0,1,5,32709,26,7,1628:,RD
0,1,5,32709,26,8,1640:,RD
0,1,5,32709,26,9,1730:,RD
0,1,5,32709,26,10,1934:,RD
0,1,5,32709,26,11,2198:,RD
0,1,5,32709,26,12,2246:,RD
0,1,5,32709,26,13,2539:,RD
0,1,5,32709,26,14,2640:,RD
0,1,5,32709,26,15,2716:,RD
0,1,5,32709,26,16,2732:,RD
0,1,5,32709,26,17,2748:,RD
0,1,5,32709,26,18,3001:,RD
0,1,5,32709,26,19,3365:,RD
0,1,5,32709,26,20,3381:,RD
0,1,5,32709,26,21,3556:,RD
0,1,5,32709,26,22,422:,RD
0,1,5,32709,26,23,4384:,RD
0,1,5,32709,26,24,488:,RD
0,1,5,32709,26,25,98:,RD
0,1,5,32709,27,1,1144:,RD
0,1,5,32709,27,2,1248:,RD
0,1,5,32709,27,3,1252:,RD
0,1,5,32709,27,4,1644:,RD
0,1,5,32709,27,5,2583:,RD
0,1,5,32709,27,6,2587:,RD
0,1,5,32709,27,7,2720:,RD
0,1,5,32709,27,8,2921:,RD
0,1,5,32709,27,9,3005:,RD
0,1,5,32709,27,10,3093:,RD
0,1,5,32709,27,11,3212:,RD
0,1,5,32709,27,12,3369:,RD
0,1,5,32709,27,13,3564:,RD
0,1,5,32709,27,14,719:,RD
0,1,5,32709,28,1,1047:,RD
0,1,5,32709,28,2,1530:,RD
0,1,5,32709,28,3,1584:,RD
0,1,5,32709,28,4,2182:,RD
0,1,5,32709,28,5,2202:,RD
0,1,5,32709,28,6,2250:,RD
0,1,5,32709,28,7,2355:,RD
0,1,5,32709,28,8,2644:,RD
0,1,5,32709,28,9,2946:,RD
0,1,5,32709,28,10,3121:,RD
0,1,5,32709,28,11,3168:,RD
0,1,5,32709,28,12,430:,RD
0,1,5,32709,28,13,516:,RD
0,1,5,32709,28,14,723:,RD
0,1,5,32709,29,1,1256:,RD
0,1,5,32709,29,2,1648:,RD
0,1,5,32709,29,3,1726:,RD
0,1,5,32709,29,4,1735:,RD
0,1,5,32709,29,5,2591:,RD
0,1,5,32709,29,6,2752:,RD
0,1,5,32709,30,1,1232:,RD
0,1,5,32709,30,2,2929:,RD
0,1,5,32709,30,3,3073:,RD
0,1,5,32709,30,4,3373:,RD
0,1,5,32709,30,5,3568:,RD
0,1,5,32709,31,1,1051:,RD
0,1,5,32709,31,2,1510:,RD
0,1,5,32709,31,3,1588:,RD
0,1,5,32709,31,4,2724:,RD
0,1,5,32709,31,5,3172:,RD
0,1,5,32709,32,1,1534:,RD
0,1,5,32709,32,2,2206:,RD
0,1,5,32709,32,3,2579:,RD
0,1,5,32709,32,4,2950:,RD
0,1,5,32709,32,5,690:,RD
0,1,5,32709,33,1,2186:,RD
0,1,5,32709,33,2,2323:,RD
0,1,5,32709,33,3,2359:,RD
0,1,5,32709,33,4,2648:,RD
0,1,5,32709,33,5,3125:,RD
0,1,5,32709,33,6,3345:,RD
0,1,5,32709,33,7,3353:,RD
0,1,5,32709,33,8,434:,RD
0,1,5,32709,33,9,735:,RD
0,1,5,32709,34,1,1128:,RD
0,1,5,32709,34,2,1739:,RD
0,1,5,32709,34,3,1898:,RD
0,1,5,32709,34,4,2728:,RD
0,1,5,32709,34,5,2756:,RD
0,1,5,32709,34,6,2993:,RD
0,1,5,32709,34,7,3377:,RD
0,1,5,32709,34,8,3544:,RD
0,1,5,32709,35,1,1546:,RD
0,1,5,32709,37,1,1632:,RD
0,1,5,32709,37,2,2363:,RD
0,1,5,32709,38,1,2595:,RD
0,1,5,32709,40,1,2934:,RD
0,1,5,32709,41,1,3361:,RD
0,1,5,32709,42,1,1236:,RD
0,1,5,32709,44,1,3572:,RD
0,1,5,32709,45,1,3077:,RD
0,1,5,32709,46,1,2680:,RD
0,1,5,32709,48,1,1089:,RD
0,1,5,32709,48,2,1514:,RD
0,1,5,32709,50,1,1592:,RD
0,1,5,32709,52,1,3129:,RD
0,1,5,32709,54,1,1538:,RD
0,1,5,32709,54,2,2234:,RD
0,1,5,32709,55,1,2543:,RD
0,1,5,32709,55,2,480:,RD
0,1,5,32709,56,1,2954:,RD
0,1,5,32709,58,1,2190:,RD
0,1,5,32709,58,2,2607:,RD
0,1,5,32709,58,3,2676:,RD
0,1,5,32709,59,1,3176:,RD
0,1,5,32709,59,2,3357:,RD
0,1,5,32709,61,1,2331:,RD
0,1,5,32709,62,1,2343:,RD
0,1,5,32709,62,2,438:,RD
0,1,5,32709,63,1,3085:,RD
0,1,5,32709,64,1,1743:,RD
0,1,5,32709,64,2,2736:,RD
0,1,5,32709,66,1,1240:,RD
0,1,5,32709,66,2,1551:,RD
0,1,5,32709,66,3,2636:,RD
0,1,5,32709,66,4,2938:,RD
0,1,5,32709,66,5,2942:,RD
0,1,5,32709,66,6,3089:,RD
0,1,5,32709,67,1,1244:,RD
0,1,5,32709,68,1,3576:,RD
0,1,5,32709,68,2,484:,RD
0,1,5,32709,69,1,1132:,RD
0,1,5,32709,70,1,2194:,RD
0,1,5,32709,70,2,2238:,RD
0,1,5,32709,70,3,2242:,RD
0,1,5,32709,70,4,472:,RD
0,1,5,32709,70,5,476:,RD
0,1,5,32709,71,1,1518:,RD
0,1,5,32709,71,2,1522:,RD
0,1,5,32709,71,3,1542:,RD
0,1,5,32709,71,4,1636:,RD
0,1,5,32709,72,1,1093:,RD
0,1,5,32709,72,2,1124:,RD
0,1,5,32709,74,1,2547:,RD
0,1,5,32709,74,2,2551:,RD
0,1,5,32709,74,3,3133:,RD
0,1,5,32709,74,4,3163:,RD
0,1,5,32709,75,1,2347:,RD
0,1,5,32709,75,2,2351:,RD
0,1,5,32709,75,3,2684:,RD
0,1,5,32709,75,4,2688:,RD
0,1,5,32709,75,5,3180:,RD
0,1,5,32709,75,6,3184:,RD
0,1,5,32709,76,1,2958:,RD
0,1,5,32709,76,2,2997:,RD
0,1,5,32709,85,1,1596:,RD
0,1,5,32709,85,2,1600:,RD
0,1,5,32709,87,1,2335:,RD
0,1,5,32709,87,2,2339:,RD
0,1,5,32709,87,3,2599:,RD
0,1,5,32709,87,4,2603:,RD
0,1,5,32709,92,1,1930:,RD
0,1,5,32709,102,1,2740:,RD
0,1,5,32709,102,2,2744:,RD
0,1,5,32709,102,3,3552:,RD
0,1,5,32709,102,4,3560:,RD
0,1,5,32709,103,1,2391:,RD
0,1,5,32709,103,2,2531:,RD
0,1,5,32709,106,1,3081:,RD
0,1,5,32709,121,1,1813:,RD
0,1,5,32709,121,2,1894:,RD
0,1,6,32707,107,1,2535:,RD
0,1,6,32707,107,2,2575:,RD
0,1,6,32707,107,3,38:,RD
0,1,6,32707,107,4,727:,RD
0,1,6,32709,2,1,1220:,RD
0,1,6,32709,2,2,1435:,RD
0,1,6,32709,2,3,1890:,RD
0,1,6,32709,2,4,2327:,RD
0,1,6,32709,2,5,2652:,RD
0,1,6,32709,2,6,2696:,RD
0,1,6,32709,2,7,2704:,RD
0,1,6,32709,2,8,2760:,RD
0,1,6,32709,2,9,2970:,RD
0,1,6,32709,2,10,426:,RD
0,1,6,32709,2,11,694:,RD
0,1,6,32709,2,12,976:,RD
0,1,6,32709,2,13,980:,RD
0,1,6,32709,2,14,984:,RD
0,1,6,32709,3,1,1017:,RD
0,1,6,32709,3,2,1264:,RD
0,1,6,32709,3,3,2383:,RD
0,1,6,32709,3,4,2804:,RD
0,1,6,32709,3,5,2861:,RD
0,1,6,32709,3,6,3137:,RD
0,1,6,32709,3,7,808:,RD
0,1,6,32709,4,1,1180:,RD
0,1,6,32709,4,2,1756:,RD
0,1,6,32709,4,3,1926:,RD
0,1,6,32709,4,4,1962:,RD
0,1,6,32709,4,5,2170:,RD
0,1,6,32709,4,6,2218:,RD
0,1,6,32709,4,7,2371:,RD
0,1,6,32709,4,8,2615:,RD
0,1,6,32709,4,9,2692:,RD
0,1,6,32709,4,10,2812:,RD
0,1,6,32709,4,11,2962:,RD
0,1,6,32709,4,12,390:,RD
0,1,6,32709,4,13,512:,RD
0,1,6,32709,28,1,2379:,RD
0,1,6,32709,28,2,2611:,RD
0,1,6,32709,28,3,2700:,RD
0,1,6,32709,28,4,2966:,RD
0,1,6,32709,28,5,2976:,RD
0,1,6,32709,28,6,3049:,RD
0,1,6,32709,28,7,468:,RD
0,1,6,32709,29,1,1055:,RD
0,1,6,32709,29,2,1059:,RD
0,1,6,32709,29,3,2222:,RD
0,1,6,32709,29,4,964:,RD
0,1,6,32709,30,1,1482:,RD
0,1,6,32709,30,2,2857:,RD
0,1,6,32709,30,3,2925:,RD
0,1,6,32709,31,1,1809:,RD
0,1,6,32709,31,2,1886:,RD
0,1,6,32709,31,3,2226:,RD
0,1,6,32709,31,4,2367:,RD
0,1,6,32709,31,5,2387:,RD
0,1,6,32709,31,6,2808:,RD
0,1,6,32709,32,1,1216:,RD
0,1,6,32709,32,2,1427:,RD
0,1,6,32709,32,3,1431:,RD
0,1,6,32709,32,4,2210:,RD
0,1,6,32709,32,5,2214:,RD
0,1,7,32709,81,1,2178:,RD
0,1,7,32709,82,1,2174:,RD
0,1,7,32709,82,2,2375:,RD
0,1,7,32709,82,3,2555:,RD
0,1,7,32751,119,1,2764:,RD
0,1,7,32751,120,1,2772:,RD
0,1,7,32751,124,1,2055:,RD
0,1,7,32751,124,2,206:,RD
0,1,7,32751,124,3,255:,RD
0,1,7,32751,124,4,520:,RD
0,1,7,32751,125,1,168:,RD
0,1,7,32751,126,1,110:,RD
0,1,7,32751,126,2,122:,RD
0,1,7,32751,126,3,126:,RD
0,1,7,32751,126,4,131:,RD
0,1,7,32751,126,5,135:,RD
0,1,7,32751,126,6,164:,RD
0,1,7,32751,126,7,172:,RD
0,1,7,32751,126,8,176:,RD
0,1,7,32751,126,9,214:,RD
0,1,7,32751,126,10,218:,RD
0,1,7,32767,122,1,1307:,WR
0,1,7,32767,122,2,1315:,WR
0,1,7,32767,122,3,1319:,WR
0,1,7,32767,122,4,1323:,WR
0,1,7,32767,122,5,1327:,WR
0,1,7,32767,122,6,1331:,WR
0,1,7,32767,122,7,1335:,WR
0,1,7,32767,122,8,1339:,WR
0,1,7,32767,122,9,1348:,WR
0,1,7,32767,122,10,1352:,WR
0,1,7,32767,122,11,1356:,WR
0,1,7,32767,122,12,2416:,WR
0,1,7,32767,122,13,2465:,WR
0,1,7,32767,122,14,580:,WR
0,1,7,32767,122,15,588:,WR
0,1,7,32767,122,16,592:,WR
0,1,7,32767,122,17,835:,WR
0,1,7,32767,122,18,839:,WR
0,1,7,32767,122,19,843:,WR
0,1,7,32767,122,20,847:,WR
0,1,7,32767,122,21,851:,WR
0,1,7,32767,122,22,855:,WR
0,1,7,32767,122,23,859:,WR
0,1,7,32767,122,24,863:,WR
0,1,7,32767,122,25,867:,WR
0,1,7,32767,122,26,871:,WR
0,1,7,32767,122,27,875:,WR
0,1,7,32767,122,28,879:,WR
0,1,7,32767,122,29,883:,WR
0,1,7,32767,122,30,887:,WR
0,1,7,32767,122,31,891:,WR
0,1,7,32767,122,32,895:,WR
0,1,7,32767,122,33,899:,WR
0,1,7,32767,122,34,903:,WR
0,1,7,32767,122,35,907:,WR
0,1,7,32767,123,1,12:,WR
0,1,7,32767,123,2,1343:,WR
0,1,7,32767,123,3,2489:,WR
0,1,7,32767,123,4,2493:,WR
0,1,7,32767,123,5,548:,WR
0,1,7,32767,123,6,552:,WR
0,1,7,32767,123,7,556:,WR
0,1,7,32767,123,8,560:,WR
0,1,7,32767,123,9,564:,WR
0,1,7,32767,123,10,568:,WR
0,1,7,32767,123,11,572:,WR
0,1,7,32767,123,12,576:,WR
0,1,7,32767,123,13,584:,WR
0,1,7,32767,123,14,596:,WR
0,1,7,32767,123,15,600:,WR
0,1,7,32767,123,16,604:,WR
0,1,7,32767,123,17,608:,WR
0,1,7,32767,123,18,616:,WR
0,1,7,32767,123,19,620:,WR
0,1,7,32767,123,20,624:,WR
0,1,7,32767,123,21,628:,WR
0,1,7,32767,123,22,714:,RD
0,1,7,32767,123,23,827:,WR
0,1,7,32767,123,24,831:,WR
0,1,7,32767,124,1,612:,WR
0,1,7,32767,125,1,1555:,RD
0,1,7,32767,125,2,1563:,RD
0,1,7,32767,125,3,1608:,RD
0,1,7,32767,125,4,1624:,RD
0,1,7,32767,125,5,1702:,RD
0,1,7,32767,126,1,1559:,RD
0,1,7,32767,126,2,1567:,RD
0,1,7,32767,126,3,1571:,RD
0,1,7,32767,126,4,1576:,RD
0,1,7,32767,126,5,1604:,RD
0,1,7,32767,126,6,1612:,RD
0,1,7,32767,126,7,1616:,RD
0,1,7,32767,126,8,1620:,RD
0,1,7,32767,126,9,1652:,RD
0,1,7,32767,126,10,1656:,RD
0,1,7,32767,126,11,1660:,RD
0,1,7,32767,126,12,1664:,RD
0,1,7,32767,126,13,1669:,RD
0,1,7,32767,126,14,1673:,RD
0,1,7,32767,126,15,1710:,RD
0,1,7,32767,126,16,1718:,RD
0,1,7,32767,126,17,1722:,RD
0,1,7,32767,126,18,1752:,RD
0,1,7,32767,126,19,1761:,RD
0,1,7,32767,126,20,1765:,RD
0,1,7,32767,126,21,1769:,RD
0,1,7,32767,126,22,1801:,RD
0,1,7,32767,126,23,1805:,RD
0,1,7,32767,126,24,1817:,RD
0,1,7,32767,126,25,1821:,RD
0,1,7,32767,126,26,1825:,RD
0,1,7,32767,126,27,1870:,RD
0,1,7,32767,126,28,1902:,RD
0,1,7,32767,126,29,1906:,RD
0,1,7,32767,126,30,1910:,RD
0,1,7,32767,126,31,1938:,RD
0,1,7,32767,126,32,1942:,RD
0,1,7,32767,126,33,1946:,RD
